{
  "urls": [
    "assets/desktop/sounds/sfx2Sprite.ogg",
    "assets/desktop/sounds/sfx2Sprite.m4a",
    "assets/desktop/sounds/sfx2Sprite.mp3",
    "assets/desktop/sounds/sfx2Sprite.ac3"
  ],
  "sprite": {
    "reels_base_loop": [
      0,
      1800.0226757369614
    ],
    "reels_base_start_a": [
      2300.022675736962,
      2200
    ],
    "reels_base_start_b": [
      5000.022675736962,
      2200
    ],
    "reels_base_start_c": [
      7700.022675736962,
      2200.000000000001
    ],
    "reels_base_stop_a": [
      10400.022675736964,
      2266.6666666666656
    ],
    "reels_base_stop_b": [
      13166.689342403628,
      2266.6666666666656
    ],
    "reels_base_stop_c": [
      15933.356009070294,
      2266.6666666666656
    ],
    "reels_base_stop_individual_a": [
      18700.02267573696,
      433.3333333333336
    ],
    "reels_base_stop_individual_b": [
      19633.356009070292,
      433.3333333333336
    ],
    "reels_base_stop_individual_c": [
      20566.689342403628,
      433.3333333333336
    ],
    "reels_base_stop_individual_d": [
      21500.02267573696,
      433.3333333333336
    ],
    "reels_base_stop_individual_e": [
      22433.356009070296,
      433.3333333333336
    ],
    "reels_base_stop_individual_f": [
      23366.689342403628,
      433.3333333333336
    ],
    "reels_base_stop_last_a": [
      24300.02267573696,
      2133.333333333333
    ],
    "reels_base_stop_last_b": [
      26933.356009070296,
      2133.333333333333
    ],
    "reels_base_stop_last_c": [
      29566.689342403628,
      2133.333333333333
    ],
    "symbol_bonus": [
      32200.02267573696,
      2516.6666666666656
    ],
    "symbol_bonus_closes": [
      35216.689342403624,
      2250
    ],
    "symbol_bonus_stops_rotating": [
      37966.689342403624,
      2316.66666666667
    ],
    "symbol_collector_close": [
      40783.356009070296,
      2416.6666666666642
    ],
    "symbol_collector_land": [
      43700.02267573696,
      1616.6666666666672
    ],
    "symbol_collector_loop": [
      45816.689342403624,
      4935.804988662135
    ],
    "symbol_collector_open": [
      51252.49433106576,
      2883.333333333333
    ],
    "symbol_collector_persistent_loop": [
      54635.8276643991,
      5499.977324263035
    ],
    "symbol_H1": [
      60635.80498866213,
      3535.1020408163267
    ],
    "symbol_H2": [
      64670.907029478454,
      2733.3333333333344
    ],
    "symbol_H3": [
      67904.24036281179,
      3099.9999999999945
    ],
    "symbol_H4": [
      71504.24036281179,
      3383.33333333334
    ],
    "symbol_L": [
      75387.57369614512,
      2316.666666666663
    ],
    "symbol_necromancer_close": [
      78204.24036281179,
      1500
    ],
    "symbol_necromancer_hit_a": [
      80204.24036281179,
      1916.6666666666715
    ],
    "symbol_necromancer_hit_b": [
      82620.90702947846,
      1916.6666666666715
    ],
    "symbol_necromancer_hit_c": [
      85037.57369614513,
      1916.6666666666715
    ],
    "symbol_necromancer_land": [
      87454.2403628118,
      2116.66666666666
    ],
    "symbol_necromancer_loop": [
      90070.90702947846,
      1316.6666666666629
    ],
    "symbol_necromancer_open": [
      91887.57369614512,
      2883.33333333334
    ],
    "symbol_necromancer_shoot_a": [
      95270.90702947846,
      2099.9999999999945
    ],
    "symbol_necromancer_shoot_b": [
      97870.90702947846,
      2099.9999999999945
    ],
    "symbol_necromancer_shoot_c": [
      100470.90702947845,
      2099.9999999999945
    ],
    "symbol_payer_close": [
      103070.90702947845,
      2599.9999999999945
    ],
    "symbol_payer_land": [
      106170.90702947845,
      2500
    ],
    "symbol_payer_open": [
      109170.90702947845,
      2500
    ],
    "symbol_payer_persistent_loop": [
      112170.90702947845,
      3250
    ],
    "symbol_payer_persistent_start": [
      115920.90702947845,
      3000
    ],
    "symbol_payer_persistent_stop": [
      119420.90702947845,
      2374.988662131514
    ],
    "symbol_payer_shoot_a": [
      122295.89569160996,
      1466.6666666666686
    ],
    "symbol_payer_shoot_b": [
      124262.56235827663,
      1466.6666666666686
    ],
    "symbol_payer_shoot_c": [
      126229.2290249433,
      1466.6666666666686
    ],
    "symbol_payer_shoot_d": [
      128195.89569160996,
      1466.6666666666686
    ],
    "symbol_payer_shoot_e": [
      130162.56235827663,
      1466.6666666666686
    ],
    "symbol_payer_shoot_f": [
      132129.2290249433,
      1466.6666666666686
    ],
    "symbol_payer_shoot_loop": [
      134095.89569160997,
      2250
    ],
    "symbol_reset_close": [
      136845.89569160997,
      1800.0000000000114
    ],
    "symbol_reset_land": [
      139145.89569160997,
      1066.6666666666629
    ],
    "symbol_reset_open": [
      140712.56235827666,
      3966.666666666669
    ],
    "symbol_SC_shine": [
      145179.2290249433,
      1433.3333333333371
    ],
    "symbol_SC_super_shine": [
      147112.56235827666,
      2066.666666666663
    ],
    "symbol_sniper_persistent_close": [
      149679.2290249433,
      1316.6666666666629
    ],
    "symbol_sniper_persistent_land": [
      151495.89569160997,
      2000
    ],
    "symbol_sniper_persistent_open": [
      153995.89569160997,
      1583.3333333333428
    ],
    "symbol_sniper_persistent_shoot_a": [
      156079.2290249433,
      2349.9999999999945
    ],
    "symbol_sniper_persistent_shoot_b": [
      158929.2290249433,
      2383.3333333333258
    ],
    "symbol_sniper_persistent_shoot_c": [
      161812.56235827663,
      2449.9999999999886
    ],
    "symbol_sniper_persistent_shoot_d": [
      164762.56235827663,
      2383.3333333333258
    ],
    "symbol_WR": [
      167645.89569160994,
      3033.333333333331
    ],
    "win_big": [
      171179.22902494328,
      4896.984126984136
    ],
    "win_epic": [
      176576.21315192743,
      4897.959183673464
    ],
    "win_explosive_loop": [
      181974.1723356009,
      4897.959183673464
    ],
    "win_mega": [
      187372.13151927435,
      4897.959183673464
    ],
    "win_normal": [
      192770.0907029478,
      1800.0000000000114
    ],
    "winline": [
      195070.0907029478,
      2583.333333333343
    ]
  }
}