{
  "urls": [
    "assets/default/sounds/en/main/sounds.ogg?c=2a06f08b54",
    "assets/default/sounds/en/main/sounds.m4a?c=9580710a12"
  ],
  "sprite": {
    "anticipation": [
      0,
      19384.625850340137
    ],
    "backgrLoop": [
      20100,
      32000
    ],
    "bangupEnd": [
      52200,
      10000
    ],
    "bangupLoop": [
      62500.00000000001,
      7500.000000000007
    ],
    "bangupStart": [
      70400,
      2000
    ],
    "bigWinStart": [
      72500,
      8799.999999999996
    ],
    "bonusReelStop": [
      81600,
      3692.3129251700716
    ],
    "bonusWin": [
      85700,
      9230.770975056686
    ],
    "fsHit": [
      95800,
      6206.8934240362805
    ],
    "fsLoop": [
      102899.99999999999,
      9931.04308390022
    ],
    "fsPopup": [
      112999.99999999999,
      4965.510204081639
    ],
    "fsPreloaderFx": [ 
      118100,
      5793.1065759637195
    ],
    "fsPreloaderLoop": [
      124199.99999999999,
      9931.04308390022
    ],
    "fsStart": [
      134299.99999999997,
      11172.403628117905
    ],
    "fsStartx2": [
      146399.99999999997,
      16551.723356009064
    ],
    "highlights": [
      163499.99999999997,
      5538.458049886629
    ],
    "highlightsBig": [
      169599.99999999997,
      7384.625850340143
    ],
    "introEnterGame": [
      177699.99999999997,
      9974.240362811799
    ],
    "jackSiren": [
      187799.99999999994,
      4864.580498866218
    ],
    "jpHit1": [
      192899.99999999994,
      3692.3129251700575
    ],
    "jpHit2": [
      196999.99999999994,
      3692.3129251700575
    ],
    "jpHit3": [
      201099.99999999994,
      3692.3129251700575
    ],
    "jpSpawn1": [
      205199.99999999994,
      4211.541950113371
    ],
    "jpSpawn2": [
      210299.9999999999,
      4211.541950113371
    ],
    "jpSpawn3": [
      215399.9999999999,
      4211.541950113371
    ],
    "levelMultiply": [
      220499.9999999999,
      8688.934240362812
    ],
    "levelUnlock": [
      229599.9999999999,
      3774.2403628117813
    ],
    "megaWinStart": [
      233699.9999999999,
      13599.999999999995
    ],
    "payTablePages": [
      247799.99999999988,
      2307.6870748299425
    ],
    "playButton": [
      250899.9999999999,
      9974.24036281177
    ],
    "reelSpinLoop0": [
      260999.99999999988,
      32000
    ],
    "reelSpinLoop1": [
      293099.9999999999,
      32000
    ],
    "reelSpinLoop2": [
      325199.99999999994,
      32000
    ],
    "reelSpinLoop3": [
      357299.99999999994,
      32000
    ],
    "reelSpinLoop4": [
      389400,
      32000
    ],
    "reelSpinMechLoop": [
      421500,
      3230.770975056714
    ],
    "reelStop": [
      425600,
      1846.1451247165428
    ],
    "superWinStart": [
      427700,
      12399.999999999978
    ],
    "topWinPopup": [
      440799.99999999994,
      5571.428571428555
    ],
    "topWinSplash": [
      446899.99999999994,
      11142.857142857167
    ],
    "wildHit": [
      458999.99999999994,
      3692.3129251700857
    ],
    "winSmall": [
      463099.99999999994,
      2571.428571428555
    ],
    "winTiles": [
      466199.99999999994,
      5142.857142857167
    ]
  }
}